{"cameraMode":{"drawMode":0,"name":"Shaded","section":"Shading Mode"},"sceneLighting":true,"audioPlay":false,"sceneViewState":{"showFog":true,"showMaterialUpdate":false,"showSkybox":true,"showFlares":true,"showImageEffects":true,"showParticleSystems":true},"in2DMode":false,"pivot":{"x":1.8735535144805909,"y":12.18274211883545,"z":-7.859824180603027},"rotation":{"x":0.25719380378723147,"y":-0.09116023033857346,"z":0.024378925561904908,"w":0.9617426991462708},"size":6.739054203033447,"orthographic":false}